{
  "dashboardAuthorizations": {
    "allAuthorized": false,
    "authorizations": [
      {
        "objectRef": {
          "objectId": "d0dMvxM",
          "objectType": "WEB_APP"
        },
        "modes": [
          "READ"
        ]
      },
      {
        "objectRef": {
          "objectId": "INIT",
          "objectType": "SCENARIO"
        },
        "modes": [
          "RUN"
        ]
      },
      {
        "objectRef": {
          "objectId": "7yrhsxH",
          "objectType": "WEB_APP"
        },
        "modes": [
          "READ"
        ]
      },
      {
        "objectRef": {
          "objectId": "Zqw12er",
          "objectType": "WEB_APP"
        },
        "modes": [
          "READ"
        ]
      },
      {
        "objectRef": {
          "objectId": "UPDATE",
          "objectType": "SCENARIO"
        },
        "modes": [
          "RUN"
        ]
      },
      {
        "objectRef": {
          "objectId": "jLQrOl6",
          "objectType": "WEB_APP"
        },
        "modes": [
          "READ"
        ]
      },
      {
        "objectRef": {
          "objectId": "Vao2Cr9",
          "objectType": "WEB_APP"
        },
        "modes": [
          "READ"
        ]
      }
    ]
  },
  "exposedObjects": {
    "objects": []
  },
  "projectType": "REGULAR",
  "projectAppType": "REGULAR",
  "hasSetupSection": false,
  "bundleContainerSettings": {
    "remapping": {
      "connections": [],
      "codeEnvs": []
    },
    "codeEnvsBehavior": {
      "envImportSpecificationMode": "SPECIFIED",
      "importTimeMode": "INSTALL_IF_MISS"
    }
  },
  "bundleExporterSettings": {
    "exportOptions": {
      "exportUploads": false,
      "exportManagedFS": false,
      "exportAnalysisModels": false,
      "exportSavedModels": false,
      "exportManagedFolders": false,
      "exportModelEvaluationStores": false,
      "exportProjectResources": true,
      "exportLabelingTasks": false,
      "exportAllInputDatasets": false,
      "exportAllDatasets": false,
      "exportAllInputManagedFolders": false,
      "exportGitRepository": false,
      "exportInsightsData": false,
      "useManualPluginsInfo": false,
      "includedDatasetsData": [
        {
          "name": "matches_uncertain_editlog",
          "type": "S3"
        },
        {
          "name": "companies_ext",
          "type": "S3"
        },
        {
          "name": "companies_ref",
          "type": "S3"
        }
      ],
      "includedSavedModels": [],
      "includedModelEvaluationStores": [],
      "includedManagedFolders": [],
      "includedCodeStudios": [],
      "includedLabelingTasks": [],
      "shareAllInputDatasets": false,
      "exportForeignObjectsReferences": true
    }
  },
  "owner": "louis.dorard@dataiku.com",
  "permissionsVersion": "V2",
  "permissions": [
    {
      "group": "space_administrators",
      "admin": true,
      "readProjectContent": false,
      "writeProjectContent": false,
      "exportDatasetsData": false,
      "readDashboards": false,
      "writeDashboards": false,
      "moderateDashboards": false,
      "shareToWorkspaces": false,
      "runScenarios": false,
      "manageDashboardAuthorizations": false,
      "manageExposedElements": false,
      "manageAdditionalDashboardUsers": false,
      "executeApp": false
    }
  ],
  "additionalDashboardUsers": {
    "users": []
  },
  "tutorialProject": false,
  "settings": {
    "flowAnchorSourcesAndSinks": true,
    "flowDisplaySettings": {
      "zonesGraphRenderingAlgorithm": "DOT_OLDRANK",
      "zonesGraphConnectZones": true
    },
    "gitCommitMode": "AUTO",
    "disableAutomaticTriggers": false,
    "integrations": {
      "integrations": []
    },
    "flowBuildSettings": {
      "mergeSparkPipelines": false,
      "pruneBeforeSparkPipelines": true,
      "mergeSqlPipelines": false,
      "pruneBeforeSqlPipelines": true
    },
    "sharingRequestsEnabled": "INHERIT",
    "limitedVisibilityEnabled": "INHERIT",
    "accessRequestsEnabled": "INHERIT",
    "limitsSettings": {
      "memSampleBytes": {
        "soft": -1,
        "hard": -1
      },
      "shakerMemTableBytes": {
        "soft": -1,
        "hard": -1
      },
      "attachmentBytes": {
        "soft": -1,
        "hard": -1
      }
    },
    "relocationSettings": {
      "sqlLikeRecipesInitializationMode": "RESOLVED_TABLE_REFERENCES"
    },
    "recipeEnginesPreferences": {
      "forbiddenEngines": [],
      "enginesPreferenceOrder": [],
      "forbiddenByRecipeType": {},
      "preferenceByRecipeType": {}
    },
    "codeEnvs": {
      "python": {
        "mode": "INHERIT",
        "preventOverride": false
      },
      "r": {
        "mode": "INHERIT",
        "preventOverride": false
      },
      "julia": {
        "mode": "INHERIT",
        "preventOverride": false
      }
    },
    "container": {
      "containerMode": "NONE"
    },
    "datasetsCreationSettings": {
      "useGlobal": true,
      "preferedStorageFormats": "CSV_ESCAPING_NOGZIP_FORHIVE,CSV_EXCEL_GZIP,PARQUET_HIVE",
      "virtualizable": false,
      "allowUploadsWithoutConnection": true
    },
    "hiveEngineCreationSettings": {
      "useGlobal": true,
      "executionEngine": "HIVECLI_LOCAL"
    },
    "sparkEngineCreationSettings": {
      "useGlobal": true,
      "executionEngine": "SPARK_SUBMIT",
      "useGlobalMetastore": false
    },
    "impalaEngineCreationSettings": {
      "useGlobal": true,
      "streamMode": true
    },
    "wikiSettings": {
      "promoted": false
    },
    "cluster": {
      "clusterMode": "INHERIT"
    },
    "k8sCluster": {
      "clusterMode": "INHERIT"
    },
    "virtualWebAppBackendSettings": {
      "mode": "INHERIT",
      "preventOverride": false,
      "infra": {
        "containerSelection": {
          "containerMode": "INHERIT"
        },
        "overrideGlobalK8sExposition": false,
        "exposition": {
          "type": "local_process",
          "params": {}
        },
        "scaling": {
          "initialReplicas": 1,
          "hpa": false,
          "hpaTargetCPUPercent": 0,
          "hpaMetrics": [],
          "hpaMinPods": 0,
          "hpaMaxPods": 0,
          "hpaAnnotations": []
        },
        "deploymentModifier": {}
      }
    },
    "dkuProperties": []
  },
  "name": "Join Companies Simple",
  "imgPattern": 7,
  "metrics": {
    "probes": [],
    "engineConfig": {
      "padRunsWithMetrics": false,
      "hive": {
        "active": true,
        "extraConf": []
      },
      "basic": {},
      "dss": {
        "active": true,
        "selection": {
          "useMemTable": false,
          "filter": {
            "distinct": false,
            "enabled": false
          },
          "partitionSelectionMethod": "ALL",
          "latestPartitionsN": 1,
          "ordering": {
            "enabled": false,
            "rules": []
          },
          "samplingMethod": "FULL",
          "maxRecords": -1,
          "targetRatio": 0.02,
          "withinFirstN": -1,
          "maxReadUncompressedBytes": -1
        }
      },
      "sql": {
        "active": true
      },
      "impala": {
        "active": true
      },
      "spark": {
        "active": true,
        "extraConf": []
      },
      "python": {}
    },
    "displayedState": {
      "columns": [],
      "metrics": []
    }
  },
  "metricsChecks": {
    "runOnBuild": false,
    "checks": [],
    "displayedState": {
      "checks": []
    }
  },
  "versionTag": {
    "versionNumber": 103,
    "lastModifiedBy": {
      "login": "louis.dorard@dataiku.com"
    },
    "lastModifiedOn": 1672672219752
  },
  "creationTag": {
    "versionNumber": 0,
    "lastModifiedBy": {
      "login": "louis.dorard@dataiku.com"
    },
    "lastModifiedOn": 1649423721075
  },
  "description": "Based on \"Editable via Webapp\" plugin (in development).\n\nThe flow contains the following zones:\n\n* “Default\"\n    * Fuzzy join between reference and external datasets\n    * Recipe that makes the output available to a webapp for editing\n    * Edit log dataset maintained by the webapp\n* “Hidden”: recipes used to create/update the actual dataset that the webapp edits (id from reference dataset and match in external dataset, along with lookup columns)",
  "shortDesc": "Toy project to demo the Data Editing plugin. We fuzzy join data on companies to invest in, and manually edit the result.",
  "tags": [
    "imported",
    "duplicated"
  ],
  "customFields": {},
  "checklists": {
    "checklists": [
      {
        "title": "Your new project\u0027s Todo",
        "createdOn": 0,
        "items": [
          {
            "done": true,
            "text": "Create the project",
            "createdOn": 1649423721076,
            "createdBy": "louis.dorard@dataiku.com",
            "stateChangedOn": 0
          },
          {
            "done": false,
            "text": "Set a project image (click on the color next to the project title)",
            "createdOn": 1649423721076,
            "createdBy": "louis.dorard@dataiku.com",
            "stateChangedOn": 0
          },
          {
            "done": false,
            "text": "Import your [first dataset](projects/JOIN_COMPANIES/datasets/new/)",
            "createdOn": 1649423721076,
            "createdBy": "louis.dorard@dataiku.com",
            "stateChangedOn": 0
          },
          {
            "done": false,
            "text": "Organize your work by replacing this with a real todo",
            "createdOn": 1649423721076,
            "createdBy": "louis.dorard@dataiku.com",
            "stateChangedOn": 0
          }
        ]
      }
    ]
  }
}