{
  "tags": {
    "webapp": {
      "color": "#c23f2d"
    },
    "duplicated": {
      "color": "#3A85AD"
    },
    "local-louisdorard": {
      "color": "#123883"
    },
    "deleted-recipe-editor": {},
    "editable": {
      "color": "#d66b9b"
    },
    "human in the loop": {
      "color": "#a5d6a7"
    },
    "imported": {
      "color": "#263238"
    },
    "origin:sql_import": {
      "color": "#FFD83D"
    },
    "fuzzy_join": {
      "color": "#77bec2"
    },
    "recipe-editor": {
      "color": "#1ac2ab"
    },
    "ext_lookup": {
      "color": "#1ac2ab"
    },
    "ML": {
      "color": "#de1ea5"
    }
  }
}