{
  "type": "webapp_editable-via-webapp_edit-dataset-records",
  "hasLegacyBackendURL": false,
  "params": {
    "autoStartBackend": false,
    "envSelection": {
      "envMode": "INHERIT"
    },
    "nbProcesses": 1,
    "serveLocally": true,
    "runAs": "louis.dorard@dataiku.com",
    "infra": {
      "containerSelection": {
        "containerMode": "INHERIT"
      },
      "overrideGlobalK8sExposition": false,
      "exposition": {
        "type": "local_process",
        "params": {}
      },
      "scaling": {
        "initialReplicas": 1,
        "progressDeadlineSeconds": 600,
        "hpa": false,
        "hpaTargetCPUPercent": 0,
        "hpaMetrics": [],
        "hpaMinPods": 0,
        "hpaMaxPods": 0,
        "hpaAnnotations": []
      },
      "deploymentModifier": {
        "config": {}
      }
    },
    "forceAuthentication": false
  },
  "config": {
    "linked_records_count": 0,
    "freeze_editable_columns": false,
    "primary_keys": [
      "email_text",
      "email_version",
      "user_country",
      "weekday",
      "hour_binned",
      "purchase_binned"
    ],
    "editable_column_names": [
      "prediction",
      "Reviewed",
      "Comments"
    ],
    "linked_record_lookup_columns_1": [],
    "linked_record_lookup_columns_2": [],
    "group_column_names": [],
    "original_dataset": "test_scored",
    "editschema": "[\n  {\n    \"name\": \"Reviewed\",\n    \"type\": \"boolean_tick\"\n  }\n]"
  },
  "name": "Editing predictions",
  "creationTag": {
    "versionNumber": 0,
    "lastModifiedBy": {
      "login": "ldorard"
    },
    "lastModifiedOn": 1666794664464,
    "extendedProperties": {}
  },
  "tags": [],
  "checklists": {
    "checklists": []
  },
  "customFields": {},
  "isVirtual": false
}