{
  "name": "Data prep",
  "color": "#D03713",
  "items": [
    {
      "objectId": "split_emails_prepared",
      "objectType": "RECIPE"
    },
    {
      "objectId": "emails_prepared",
      "objectType": "DATASET"
    },
    {
      "objectId": "compute_emails_prepared",
      "objectType": "RECIPE"
    },
    {
      "objectId": "emails",
      "objectType": "DATASET"
    },
    {
      "objectId": "train",
      "objectType": "DATASET"
    },
    {
      "objectId": "test_labelled",
      "objectType": "DATASET"
    },
    {
      "objectId": "test",
      "objectType": "DATASET"
    },
    {
      "objectId": "compute_test",
      "objectType": "RECIPE"
    },
    {
      "objectId": "compute_emails_prepared_distinct",
      "objectType": "RECIPE"
    },
    {
      "objectId": "emails_prepared_distinct",
      "objectType": "DATASET"
    },
    {
      "objectId": "compute_emails_prepared_grouped",
      "objectType": "RECIPE"
    },
    {
      "objectId": "emails_prepared_grouped",
      "objectType": "DATASET"
    }
  ],
  "shared": [],
  "tags": [],
  "customFields": {},
  "checklists": {
    "checklists": []
  }
}