S27X	dbt			125
X6L2	Apple Inc	Cupertino	USA	382092
P1WZ	GridAI	New York	USA	26
KCLP	Carrot Health	Minneapolis	USA	15
W182	Segments.ai	San Francisco	USA	15
V3TQ	3B Medical	Winter Haven	USA	34
MEIZ	Carbon Health Technologies Inc.	San Francisco	USA	1224
A19Q	General Electric	Boston	USA	227666
A1G9	British Petroleum	London	UK	60000
D9YD	41medical	Bettlach	Switzerland	11
Q3WR	Dunder and Mifflin	Scranton	USA	22
VV91	Dataiku	Paris	France	1001
HAO8	Google	Menlo Park	USA	135301
GE73	Tesla	Austin	USA	55273
XB40	Meta Platforms, Inc.	Menlo Park	USA	71970
