A19Q	General Electric	Boston	USA	227666
VV91	Dataiku	Paris	France	1001
S27X	dbt			125
W182	Segments.ai	San Francisco	USA	15
MEIZ	Carbon Health Technologies Inc.	San Francisco	USA	1224
Q3WR	Dunder and Mifflin	Scranton	USA	22
XB40	Meta Platforms, Inc.	Menlo Park	USA	71970
KCLP	Carrot Health	Minneapolis	USA	15
V3TQ	3B Medical	Winter Haven	USA	34
D9YD	41medical	Bettlach	Switzerland	11
GE73	Tesla	Austin	USA	55273
P1WZ	GridAI	New York	USA	26
A1G9	British Petroleum	London	UK	60000
HAO8	Google	Menlo Park	USA	135301
X6L2	Apple Inc	Cupertino	USA	382092
