{
  "type": "shaker",
  "neverRecomputeExistingPartitions": false,
  "optionalDependencies": false,
  "params": {
    "engineParams": {
      "spark": {
        "readParams": {
          "mode": "AUTO",
          "autoModeRepartitionInto": 10,
          "map": {
            "matches_edited": {
              "repartition": 10
            }
          }
        },
        "useGlobalMetastore": false,
        "useNativeProcessors": true,
        "sparkConfig": {
          "inheritConf": "spark-XS-2-workers-of-1-CPU-3Gb-Ram",
          "conf": []
        },
        "executionEngine": "SPARK_SUBMIT",
        "pipelineAllowStart": true,
        "pipelineAllowMerge": true,
        "skipPrerunValidate": false
      },
      "hive": {
        "inheritConf": "default",
        "hiveconf": [],
        "executionEngine": "HIVESERVER2",
        "addDkuUdf": false,
        "skipPrerunValidate": false
      },
      "impala": {
        "forceStreamMode": true
      },
      "hadoopConfigKeys": [],
      "sqlPipelineParams": {
        "pipelineAllowStart": true,
        "pipelineAllowMerge": true
      },
      "maxThreads": 8
    }
  },
  "customMeta": {
    "kv": {}
  },
  "redispatchPartitioning": false,
  "maxRunningActivities": 0,
  "variables": {},
  "dkuProperties": [],
  "inputs": {
    "main": {
      "items": [
        {
          "ref": "matches_edited",
          "deps": []
        }
      ]
    }
  },
  "outputs": {
    "main": {
      "items": [
        {
          "ref": "matches_edited_prepared",
          "appendMode": false
        }
      ]
    }
  },
  "labels": [],
  "versionTag": {
    "versionNumber": 6,
    "lastModifiedBy": {
      "login": "louis.dorard@dataiku.com"
    },
    "lastModifiedOn": 1673449295870
  },
  "creationTag": {
    "versionNumber": 0,
    "lastModifiedBy": {
      "login": "louis.dorard@dataiku.com"
    },
    "lastModifiedOn": 1671462286295
  },
  "shortDesc": "Add `to_be_reviewed` column:\n* if exact match or reviewed match → False\n* otherwise → True",
  "tags": [
    "human in the loop"
  ],
  "customFields": {},
  "checklists": {
    "checklists": []
  }
}