{
  "type": "python",
  "neverRecomputeExistingPartitions": false,
  "optionalDependencies": false,
  "params": {
    "envSelection": {
      "envMode": "EXPLICIT_ENV",
      "envName": "lca"
    },
    "containerSelection": {
      "containerMode": "INHERIT"
    },
    "skipPrerunValidate": false
  },
  "customMeta": {
    "kv": {}
  },
  "redispatchPartitioning": false,
  "maxRunningActivities": 0,
  "variables": {},
  "dkuProperties": [],
  "inputs": {
    "main": {
      "items": [
        {
          "ref": "matches",
          "deps": []
        },
        {
          "ref": "matches_uncertain_editlog_pivoted",
          "deps": []
        }
      ]
    }
  },
  "outputs": {
    "main": {
      "items": [
        {
          "ref": "matches_certain",
          "appendMode": false
        },
        {
          "ref": "matches_uncertain",
          "appendMode": false
        }
      ]
    }
  },
  "labels": [],
  "versionTag": {
    "versionNumber": 36,
    "lastModifiedBy": {
      "login": "louis.dorard@dataiku.com"
    },
    "lastModifiedOn": 1670946872656
  },
  "creationTag": {
    "versionNumber": 0,
    "lastModifiedBy": {
      "login": "louis.dorard@dataiku.com"
    },
    "lastModifiedOn": 1665579113212
  },
  "description": "",
  "shortDesc": "* Rows where distance\u003d0 go to `matches_certain`.\n* Apply edits to the remaining: reviewed rows go to `matches_certain`, the rest goes to `matches_uncertain`.",
  "tags": [],
  "customFields": {},
  "checklists": {
    "checklists": []
  }
}