{
  "type": "CustomCode_merge-edits",
  "neverRecomputeExistingPartitions": false,
  "optionalDependencies": false,
  "params": {
    "customConfig": {},
    "containerSelection": {
      "containerMode": "INHERIT"
    }
  },
  "customMeta": {
    "kv": {}
  },
  "redispatchPartitioning": false,
  "maxRunningActivities": 0,
  "variables": {},
  "dkuProperties": [],
  "inputs": {
    "original": {
      "items": [
        {
          "ref": "matches",
          "deps": []
        }
      ]
    },
    "editlog_pivoted": {
      "items": [
        {
          "ref": "matches_uncertain_editlog_pivoted",
          "deps": []
        }
      ]
    }
  },
  "outputs": {
    "edited": {
      "items": [
        {
          "ref": "matches_edited",
          "appendMode": false
        }
      ]
    }
  },
  "labels": [],
  "versionTag": {
    "versionNumber": 5,
    "lastModifiedBy": {
      "login": "louis.dorard@dataiku.com"
    },
    "lastModifiedOn": 1673449295873
  },
  "creationTag": {
    "versionNumber": 0,
    "lastModifiedBy": {
      "login": "louis.dorard@dataiku.com"
    },
    "lastModifiedOn": 1671462195193
  },
  "shortDesc": "Merge edits made on `matches_uncertain` (subset of `matches`)",
  "tags": [
    "human in the loop"
  ],
  "customFields": {},
  "checklists": {
    "checklists": []
  }
}