{
  "type": "join",
  "neverRecomputeExistingPartitions": false,
  "optionalDependencies": false,
  "customMeta": {
    "kv": {}
  },
  "redispatchPartitioning": false,
  "maxRunningActivities": 0,
  "variables": {},
  "dkuProperties": [],
  "inputs": {
    "main": {
      "items": [
        {
          "ref": "companies_ref",
          "deps": []
        },
        {
          "ref": "companies_ext",
          "deps": []
        },
        {
          "ref": "matches_certain",
          "deps": []
        }
      ]
    }
  },
  "outputs": {
    "main": {
      "items": [
        {
          "ref": "companies_joined_prepared_edited",
          "appendMode": false
        }
      ]
    }
  },
  "labels": [],
  "versionTag": {
    "versionNumber": 13,
    "lastModifiedBy": {
      "login": "louis.dorard@dataiku.com"
    },
    "lastModifiedOn": 1670945808251
  },
  "creationTag": {
    "versionNumber": 0,
    "lastModifiedBy": {
      "login": "admin"
    },
    "lastModifiedOn": 1658908247366
  },
  "tags": [],
  "customFields": {},
  "checklists": {
    "checklists": []
  }
}