{
  "type": "CustomCode_pivot-editlog",
  "neverRecomputeExistingPartitions": false,
  "optionalDependencies": false,
  "params": {
    "customConfig": {},
    "containerSelection": {
      "containerMode": "INHERIT"
    }
  },
  "customMeta": {
    "kv": {}
  },
  "redispatchPartitioning": false,
  "maxRunningActivities": 0,
  "variables": {},
  "dkuProperties": [],
  "inputs": {
    "editlog": {
      "items": [
        {
          "ref": "matches_uncertain_editlog",
          "deps": []
        }
      ]
    }
  },
  "outputs": {
    "editlog_pivoted": {
      "items": [
        {
          "ref": "matches_uncertain_editlog_pivoted",
          "appendMode": false
        }
      ]
    }
  },
  "labels": [],
  "versionTag": {
    "versionNumber": 2,
    "lastModifiedBy": {
      "login": "louis.dorard@dataiku.com"
    },
    "lastModifiedOn": 1673451465632
  },
  "creationTag": {
    "versionNumber": 0,
    "lastModifiedBy": {
      "login": "louis.dorard@dataiku.com"
    },
    "lastModifiedOn": 1673449743322
  },
  "tags": [
    "human in the loop"
  ],
  "customFields": {
    "webapp_url": "/projects/JOIN_COMPANIES_SIMPLE/webapps/Vao2Cr9_edit-matches-uncertain/edit"
  },
  "checklists": {
    "checklists": []
  }
}