{
  "type": "shaker",
  "neverRecomputeExistingPartitions": false,
  "optionalDependencies": false,
  "params": {
    "engineParams": {
      "spark": {
        "readParams": {
          "mode": "AUTO",
          "autoModeRepartitionInto": 10,
          "map": {
            "companies_joined": {
              "repartition": 10
            }
          }
        },
        "useGlobalMetastore": false,
        "useNativeProcessors": true,
        "sparkConfig": {
          "inheritConf": "spark-XS-2-workers-of-1-CPU-3Gb-Ram",
          "conf": []
        },
        "executionEngine": "SPARK_SUBMIT",
        "pipelineAllowStart": true,
        "pipelineAllowMerge": true,
        "skipPrerunValidate": false
      },
      "hive": {
        "inheritConf": "default",
        "hiveconf": [],
        "executionEngine": "HIVESERVER2",
        "addDkuUdf": false,
        "skipPrerunValidate": false
      },
      "impala": {
        "forceStreamMode": true
      },
      "hadoopConfigKeys": [],
      "sqlPipelineParams": {
        "pipelineAllowStart": true,
        "pipelineAllowMerge": true
      },
      "maxThreads": 8
    }
  },
  "customMeta": {
    "kv": {}
  },
  "redispatchPartitioning": false,
  "maxRunningActivities": 0,
  "variables": {},
  "dkuProperties": [],
  "inputs": {
    "main": {
      "items": [
        {
          "ref": "companies_joined",
          "deps": []
        }
      ]
    }
  },
  "outputs": {
    "main": {
      "items": [
        {
          "ref": "companies_joined_prepared",
          "appendMode": false
        }
      ]
    }
  },
  "labels": [],
  "versionTag": {
    "versionNumber": 23,
    "lastModifiedBy": {
      "login": "louis.dorard@dataiku.com"
    },
    "lastModifiedOn": 1666100815078
  },
  "creationTag": {
    "versionNumber": 0,
    "lastModifiedBy": {
      "login": "louis.dorard@dataiku.com"
    },
    "lastModifiedOn": 1649425890106
  },
  "shortDesc": "* Extract `distance` from fuzzy join `meta` output.\n* Remove all columns but id from ext dataset.\n* Add empty columns `reviewed`\u0026 `comments`.",
  "tags": [
    "fuzzy_join"
  ],
  "customFields": {},
  "checklists": {
    "checklists": []
  }
}