{
  "type": "split",
  "neverRecomputeExistingPartitions": false,
  "optionalDependencies": false,
  "customMeta": {
    "kv": {}
  },
  "redispatchPartitioning": false,
  "maxRunningActivities": 0,
  "variables": {},
  "dkuProperties": [],
  "inputs": {
    "main": {
      "items": [
        {
          "ref": "matches_edited_prepared",
          "deps": []
        }
      ]
    }
  },
  "outputs": {
    "main": {
      "items": [
        {
          "ref": "matches_certain",
          "appendMode": false
        },
        {
          "ref": "matches_uncertain",
          "appendMode": false
        }
      ]
    }
  },
  "labels": [],
  "versionTag": {
    "versionNumber": 3,
    "lastModifiedBy": {
      "login": "louis.dorard@dataiku.com"
    },
    "lastModifiedOn": 1673449295866
  },
  "creationTag": {
    "versionNumber": 0,
    "lastModifiedBy": {
      "login": "louis.dorard@dataiku.com"
    },
    "lastModifiedOn": 1671462725825
  },
  "shortDesc": "Split based on `to_be_reviewed`",
  "tags": [
    "human in the loop"
  ],
  "customFields": {},
  "checklists": {
    "checklists": []
  }
}