{
  "type": "grouping",
  "neverRecomputeExistingPartitions": false,
  "optionalDependencies": false,
  "customMeta": {
    "kv": {}
  },
  "redispatchPartitioning": false,
  "maxRunningActivities": 0,
  "variables": {},
  "dkuProperties": [],
  "inputs": {
    "main": {
      "items": [
        {
          "ref": "train_stacked",
          "deps": []
        }
      ]
    }
  },
  "outputs": {
    "main": {
      "items": [
        {
          "ref": "train_stacked_distinct",
          "appendMode": false
        }
      ]
    }
  },
  "labels": [],
  "versionTag": {
    "versionNumber": 11,
    "lastModifiedBy": {
      "login": "louis.dorard@dataiku.com"
    },
    "lastModifiedOn": 1676307926173
  },
  "creationTag": {
    "versionNumber": 0,
    "lastModifiedBy": {
      "login": "ldorard"
    },
    "lastModifiedOn": 1667571679079
  },
  "shortDesc": "If duplicate entities (same features), keep label coming from train set. Group keys are all columns except `original_dataset` and `clicked`. Order with the former and keep 1st value of the latter.",
  "tags": [
    "training"
  ],
  "customFields": {},
  "checklists": {
    "checklists": []
  }
}