{
  "type": "distinct",
  "neverRecomputeExistingPartitions": false,
  "optionalDependencies": false,
  "customMeta": {
    "kv": {}
  },
  "redispatchPartitioning": false,
  "maxRunningActivities": 0,
  "variables": {},
  "dkuProperties": [],
  "inputs": {
    "main": {
      "items": [
        {
          "ref": "emails_prepared",
          "deps": []
        }
      ]
    }
  },
  "outputs": {
    "main": {
      "items": [
        {
          "ref": "emails_prepared_distinct",
          "appendMode": false
        }
      ]
    }
  },
  "labels": [],
  "versionTag": {
    "versionNumber": 1,
    "lastModifiedBy": {
      "login": "ldorard"
    },
    "lastModifiedOn": 1675965360007
  },
  "creationTag": {
    "versionNumber": 0,
    "lastModifiedBy": {
      "login": "ldorard"
    },
    "lastModifiedOn": 1675965353344
  },
  "tags": [],
  "customFields": {},
  "checklists": {
    "checklists": []
  }
}