{
  "type": "prediction_scoring",
  "neverRecomputeExistingPartitions": false,
  "optionalDependencies": false,
  "params": {
    "containerSelection": {
      "containerMode": "INHERIT"
    }
  },
  "customMeta": {
    "kv": {}
  },
  "redispatchPartitioning": false,
  "maxRunningActivities": 0,
  "variables": {},
  "dkuProperties": [],
  "inputs": {
    "model": {
      "items": [
        {
          "ref": "GfUKMZeA",
          "deps": []
        }
      ]
    },
    "main": {
      "items": [
        {
          "ref": "test",
          "deps": []
        }
      ]
    }
  },
  "outputs": {
    "main": {
      "items": [
        {
          "ref": "test_scored_raw",
          "appendMode": false
        }
      ]
    }
  },
  "labels": [],
  "versionTag": {
    "versionNumber": 12,
    "lastModifiedBy": {
      "login": "louis.dorard@dataiku.com"
    },
    "lastModifiedOn": 1676308002055
  },
  "creationTag": {
    "versionNumber": 0,
    "lastModifiedBy": {
      "login": "ashrivastava"
    },
    "lastModifiedOn": 1642550550281
  },
  "tags": [
    "predictions"
  ],
  "customFields": {},
  "checklists": {
    "checklists": []
  }
}