{
  "type": "split",
  "neverRecomputeExistingPartitions": false,
  "optionalDependencies": false,
  "customMeta": {
    "kv": {}
  },
  "redispatchPartitioning": false,
  "maxRunningActivities": 0,
  "variables": {},
  "dkuProperties": [],
  "inputs": {
    "main": {
      "items": [
        {
          "ref": "emails_prepared_grouped",
          "deps": []
        }
      ]
    }
  },
  "outputs": {
    "main": {
      "items": [
        {
          "ref": "train",
          "appendMode": false
        },
        {
          "ref": "test_labelled",
          "appendMode": false
        }
      ]
    }
  },
  "labels": [],
  "versionTag": {
    "versionNumber": 8,
    "lastModifiedBy": {
      "login": "louis.dorard@dataiku.com"
    },
    "lastModifiedOn": 1676306961468
  },
  "creationTag": {
    "versionNumber": 0,
    "lastModifiedBy": {
      "login": "ashrivastava"
    },
    "lastModifiedOn": 1666795371741
  },
  "tags": [],
  "customFields": {},
  "checklists": {
    "checklists": []
  }
}