{
  "type": "prediction_training",
  "neverRecomputeExistingPartitions": false,
  "optionalDependencies": false,
  "params": {
    "containerSelection": {
      "containerMode": "INHERIT"
    }
  },
  "customMeta": {
    "kv": {}
  },
  "redispatchPartitioning": false,
  "maxRunningActivities": 0,
  "variables": {},
  "dkuProperties": [],
  "inputs": {
    "main": {
      "items": [
        {
          "ref": "train_stacked_distinct",
          "deps": []
        }
      ]
    }
  },
  "outputs": {
    "main": {
      "items": [
        {
          "ref": "GfUKMZeA",
          "appendMode": false
        }
      ]
    }
  },
  "labels": [],
  "versionTag": {
    "versionNumber": 6,
    "lastModifiedBy": {
      "login": "ldorard"
    },
    "lastModifiedOn": 1675964101604
  },
  "creationTag": {
    "versionNumber": 0,
    "lastModifiedBy": {
      "login": "ashrivastava"
    },
    "lastModifiedOn": 1642550495739
  },
  "tags": [
    "training"
  ],
  "customFields": {},
  "checklists": {
    "checklists": []
  }
}