{
  "type": "webapp_editable-via-webapp_edit-dataset-records",
  "hasLegacyBackendURL": false,
  "params": {
    "autoStartBackend": false,
    "envSelection": {
      "envMode": "INHERIT"
    },
    "nbProcesses": 1,
    "serveLocally": true,
    "infra": {
      "containerSelection": {
        "containerMode": "INHERIT"
      },
      "overrideGlobalK8sExposition": false,
      "exposition": {
        "type": "local_process",
        "params": {}
      },
      "scaling": {
        "initialReplicas": 1,
        "hpa": false,
        "hpaTargetCPUPercent": 0,
        "hpaMetrics": [],
        "hpaMinPods": 0,
        "hpaMaxPods": 0,
        "hpaAnnotations": []
      },
      "deploymentModifier": {}
    },
    "forceAuthentication": false
  },
  "config": {
    "linked_records_count": 1,
    "freeze_editable_columns": false,
    "primary_keys": [
      "id_companies_ref"
    ],
    "editable_column_names": [
      "id_companies_ext",
      "reviewed",
      "comments"
    ],
    "linked_record_lookup_columns_1": [
      "city",
      "country"
    ],
    "linked_record_lookup_columns_2": [],
    "group_column_names": [],
    "original_dataset": "matches_uncertain",
    "linked_record_name_1": "id_companies_ext",
    "linked_record_ds_name_1": "companies_ext",
    "linked_record_key_1": "id",
    "linked_record_label_column_1": "name"
  },
  "name": "Edit Matches Uncertain",
  "versionTag": {
    "versionNumber": 1,
    "lastModifiedBy": {
      "login": "louis.dorard@dataiku.com"
    },
    "lastModifiedOn": 1666707148105
  },
  "creationTag": {
    "versionNumber": 0,
    "lastModifiedBy": {
      "login": "louis.dorard@dataiku.com"
    },
    "lastModifiedOn": 1666271052885
  },
  "tags": [],
  "checklists": {
    "checklists": []
  },
  "customFields": {},
  "isVirtual": false
}