{
  "type": "step_based",
  "name": "Init",
  "active": false,
  "creationTag": {
    "versionNumber": 1,
    "lastModifiedBy": {
      "login": "louis.dorard@dataiku.com"
    },
    "lastModifiedOn": 1666188820094
  },
  "versionTag": {
    "versionNumber": 2,
    "lastModifiedBy": {
      "login": "louis.dorard@dataiku.com"
    },
    "lastModifiedOn": 1667492684569
  },
  "checklists": {
    "checklists": []
  },
  "delayedTriggersBehavior": {
    "delayWhileRunning": true,
    "squashDelayedTriggers": true,
    "suppressTriggersWhileRunning": true
  },
  "tags": [],
  "triggers": [],
  "reporters": [],
  "params": {
    "steps": [
      {
        "id": "Empty editlog_JgStnYsJKbVjEwnG9ivG5A",
        "type": "pystep_editable-via-webapp_empty-editlog",
        "name": "custom python",
        "runConditionType": "RUN_IF_STATUS_MATCH",
        "runConditionStatuses": [
          "SUCCESS",
          "WARNING"
        ],
        "runConditionExpression": "",
        "resetScenarioStatus": false,
        "delayBetweenRetries": 10,
        "maxRetriesOnFail": 0,
        "params": {
          "config": {
            "editlog_ds_name": "matches_uncertain_editlog"
          },
          "proceedOnFailure": false
        }
      },
      {
        "id": "run_scenario_null.UPDATE",
        "type": "run_scenario",
        "name": "update",
        "runConditionType": "RUN_IF_STATUS_MATCH",
        "runConditionStatuses": [
          "SUCCESS",
          "WARNING"
        ],
        "runConditionExpression": "",
        "resetScenarioStatus": false,
        "delayBetweenRetries": 10,
        "maxRetriesOnFail": 0,
        "params": {
          "scenarioId": "UPDATE",
          "proceedOnFailure": false
        }
      }
    ]
  },
  "automationLocal": false,
  "customFields": {}
}