{
  "type": "step_based",
  "name": "Update",
  "active": false,
  "creationTag": {
    "versionNumber": 7,
    "lastModifiedBy": {
      "login": "louis.dorard@dataiku.com"
    },
    "lastModifiedOn": 1666096667830
  },
  "versionTag": {
    "versionNumber": 8,
    "lastModifiedBy": {
      "login": "louis.dorard@dataiku.com"
    },
    "lastModifiedOn": 1666188864714
  },
  "checklists": {
    "checklists": []
  },
  "delayedTriggersBehavior": {
    "delayWhileRunning": true,
    "squashDelayedTriggers": true,
    "suppressTriggersWhileRunning": true
  },
  "tags": [],
  "triggers": [],
  "reporters": [],
  "params": {
    "steps": [
      {
        "id": "build_2_true_d_matches_uncertain_editlog_pivoted",
        "type": "build_flowitem",
        "name": "editlog pivoted",
        "runConditionType": "RUN_IF_STATUS_MATCH",
        "runConditionStatuses": [
          "SUCCESS",
          "WARNING"
        ],
        "runConditionExpression": "",
        "resetScenarioStatus": false,
        "delayBetweenRetries": 10,
        "maxRetriesOnFail": 0,
        "params": {
          "builds": [
            {
              "type": "DATASET",
              "itemId": "matches_uncertain_editlog_pivoted",
              "partitionsSpec": ""
            }
          ],
          "jobType": "RECURSIVE_FORCED_BUILD",
          "refreshHiveMetastore": true,
          "proceedOnFailure": false
        }
      },
      {
        "id": "build_0_true_d_matches_uncertain_editlog_pivoted_d_matches_uncertain",
        "type": "build_flowitem",
        "name": "matches uncertain",
        "runConditionType": "RUN_IF_STATUS_MATCH",
        "runConditionStatuses": [
          "SUCCESS",
          "WARNING"
        ],
        "runConditionExpression": "",
        "resetScenarioStatus": false,
        "delayBetweenRetries": 10,
        "maxRetriesOnFail": 0,
        "params": {
          "builds": [
            {
              "type": "DATASET",
              "itemId": "matches_uncertain",
              "partitionsSpec": ""
            }
          ],
          "jobType": "RECURSIVE_BUILD",
          "refreshHiveMetastore": true,
          "proceedOnFailure": false
        }
      }
    ]
  },
  "automationLocal": false,
  "customFields": {}
}