{
  "pages": [
    {
      "id": "2PeY1BS",
      "grid": {
        "tiles": [
          {
            "tileType": "INSIGHT",
            "box": {
              "top": 0,
              "left": 10,
              "width": 2,
              "height": 1
            },
            "clickAction": "DO_NOTHING",
            "tileParams": {
              "buttonText": "Update",
              "showLastRun": true
            },
            "autoLoad": true,
            "showTitle": "NO",
            "insightId": "SUPN6qT",
            "insightType": "scenario_run_button",
            "displayMode": "INSIGHT",
            "resizeImageMode": "FIT_SIZE"
          },
          {
            "tileType": "TEXT",
            "box": {
              "top": 0,
              "left": 0,
              "width": 10,
              "height": 1
            },
            "clickAction": "DO_NOTHING",
            "tileParams": {
              "text": "## Review \u0026 Correct Uncertain Matches\n\nClick on the Update button to have edits taken into account",
              "textAlign": "LEFT",
              "isTransparent": false
            },
            "autoLoad": true,
            "showTitle": "NO",
            "displayMode": "INSIGHT",
            "resizeImageMode": "FIT_SIZE"
          },
          {
            "tileType": "INSIGHT",
            "box": {
              "top": 1,
              "left": 0,
              "width": 12,
              "height": 6
            },
            "clickAction": "DO_NOTHING",
            "tileParams": {
              "loadTimeoutInSeconds": 0
            },
            "autoLoad": true,
            "showTitle": "NO",
            "insightId": "ztQu6Y6",
            "insightType": "web_app",
            "displayMode": "INSIGHT",
            "resizeImageMode": "FIT_SIZE"
          }
        ]
      },
      "showTitle": false
    }
  ],
  "owner": "louis.dorard@dataiku.com",
  "listed": false,
  "name": "Company Matches",
  "showGrid": true,
  "versionTag": {
    "versionNumber": 3,
    "lastModifiedBy": {
      "login": "louis.dorard@dataiku.com"
    },
    "lastModifiedOn": 1666707407413
  },
  "creationTag": {
    "versionNumber": 0,
    "lastModifiedBy": {
      "login": "louis.dorard@dataiku.com"
    },
    "lastModifiedOn": 1666183905686
  },
  "tags": [],
  "customFields": {},
  "checklists": {
    "checklists": []
  }
}