68280	41 medical	Bettlach	Switzerland	
114233	Carbon Health	San Francisco	USA	Health company
958999	Carrot Health	Minneapolis	USA	Health startup
551694	Segments	San Francisco	USA	Image segmentation to make labeling easier
97325	BP	London	UK	"BP p.l.c. is a British multinational oil and gas company headquartered in London, England. It is one of the world's oil and gas ""supermajors"" and one of the world's largest companies measured by revenues and profits."
867849	dbt Labs	Philadelphia	USA	
171492	Apple	Cupertino	USA	I bought my laptop from them
208628	TheFacebook	Cambridge	USA	See movie The Social Network
262218	Grid.ai	New York	USA	Train 100s ML models on the cloud from your laptop
962812	GE	Boston	USA	
343240	3B Medical	Winter Haven	USA	
347219	Alphabet	Mountain View	USA	
535274	Dunder & Mifflin	Scranton	USA	They make great paper
322468	Dataiku	Paris	France	I work there
504566	Tesla	Austin	USA	I'd like to buy a car from them
