{
  "checklists": {
    "checklists": []
  },
  "creationTag": {
    "lastModifiedBy": {
      "login": "anjaney.shrivastava"
    },
    "lastModifiedOn": 1638913292977,
    "versionNumber": 0
  },
  "customFields": {},
  "listed": true,
  "name": "Review",
  "owner": "anjaney.shrivastava",
  "pages": [
    {
      "enableCrossFilters": true,
      "grid": {
        "tiles": [
          {
            "autoLoad": true,
            "box": {
              "height": 9,
              "left": 0,
              "top": 1,
              "width": 12
            },
            "clickAction": "DO_NOTHING",
            "displayMode": "INSIGHT",
            "insightId": "HvIz02M",
            "insightType": "web_app",
            "resizeImageMode": "FIT_SIZE",
            "showTitle": "NO",
            "tileParams": {
              "loadTimeoutInSeconds": 0
            },
            "tileType": "INSIGHT"
          },
          {
            "autoLoad": true,
            "box": {
              "height": 1,
              "left": 10,
              "top": 0,
              "width": 2
            },
            "clickAction": "DO_NOTHING",
            "displayMode": "INSIGHT",
            "insightId": "yLps5hG",
            "insightType": "scenario_run_button",
            "resizeImageMode": "FIT_SIZE",
            "showTitle": "NO",
            "tileParams": {
              "buttonText": "Update model",
              "showLastRun": true
            },
            "tileType": "INSIGHT"
          },
          {
            "autoLoad": true,
            "box": {
              "height": 1,
              "left": 0,
              "top": 0,
              "width": 10
            },
            "clickAction": "DO_NOTHING",
            "displayMode": "INSIGHT",
            "resizeImageMode": "FIT_SIZE",
            "showTitle": "NO",
            "tileParams": {
              "isTransparent": false,
              "text": "# Provide feedback on predictions\n\nClick on Update Model to take feedback into account and recompute predictions.",
              "textAlign": "LEFT"
            },
            "tileType": "TEXT"
          }
        ]
      },
      "id": "T7K5sBg",
      "showTitle": false
    }
  ],
  "showGrid": true,
  "tags": [],
  "versionTag": {
    "lastModifiedBy": {
      "login": "louis.dorard@dataiku.com"
    },
    "lastModifiedOn": 1681923543928,
    "versionNumber": 15
  }
}