{
  "type": "step_based",
  "name": "Reset edits",
  "active": false,
  "runAsUser": "louis.dorard@dataiku.com",
  "creationTag": {
    "versionNumber": 2,
    "lastModifiedBy": {
      "login": "louis.dorard@dataiku.com"
    },
    "lastModifiedOn": 1676303902207,
    "extendedProperties": {}
  },
  "checklists": {
    "checklists": []
  },
  "delayedTriggersBehavior": {
    "delayWhileRunning": true,
    "squashDelayedTriggers": true,
    "suppressTriggersWhileRunning": true
  },
  "tags": [],
  "triggers": [],
  "reporters": [],
  "params": {
    "steps": [
      {
        "id": "Initialize editlog_jkwaQfkJdp9aMUqO8JLyxw",
        "type": "pystep_editable-via-webapp_empty-editlog",
        "name": "Step #1",
        "runConditionType": "RUN_IF_STATUS_MATCH",
        "runConditionStatuses": [
          "SUCCESS",
          "WARNING"
        ],
        "runConditionExpression": "",
        "resetScenarioStatus": false,
        "delayBetweenRetries": 10,
        "maxRetriesOnFail": 0,
        "params": {
          "config": {
            "editlog_ds_name": "test_scored_editlog"
          },
          "proceedOnFailure": false
        }
      },
      {
        "id": "run_scenario_null.RETRAINMODEL",
        "type": "run_scenario",
        "name": "retrain model",
        "runConditionType": "RUN_IF_STATUS_MATCH",
        "runConditionStatuses": [
          "SUCCESS",
          "WARNING"
        ],
        "runConditionExpression": "",
        "resetScenarioStatus": false,
        "delayBetweenRetries": 10,
        "maxRetriesOnFail": 0,
        "params": {
          "scenarioId": "RETRAINMODEL",
          "handleWarningsAs": "WARNING",
          "proceedOnFailure": false
        }
      }
    ]
  },
  "automationLocal": false,
  "customFields": {}
}