{
  "type": "step_based",
  "name": "Retrain model",
  "active": false,
  "runAsUser": "louis.dorard@dataiku.com",
  "creationTag": {
    "versionNumber": 5,
    "lastModifiedBy": {
      "login": "louis.dorard@dataiku.com"
    },
    "lastModifiedOn": 1675970481311,
    "extendedProperties": {}
  },
  "checklists": {
    "checklists": []
  },
  "delayedTriggersBehavior": {
    "delayWhileRunning": true,
    "squashDelayedTriggers": true,
    "suppressTriggersWhileRunning": true
  },
  "tags": [],
  "triggers": [],
  "reporters": [],
  "params": {
    "steps": [
      {
        "id": "build_2_true_d_emails_prepared_scored_editlog_pivoted",
        "type": "build_flowitem",
        "name": "editlog pivoted",
        "runConditionType": "RUN_IF_STATUS_MATCH",
        "runConditionStatuses": [
          "SUCCESS",
          "WARNING"
        ],
        "runConditionExpression": "",
        "resetScenarioStatus": false,
        "delayBetweenRetries": 10,
        "maxRetriesOnFail": 0,
        "params": {
          "builds": [
            {
              "type": "DATASET",
              "itemId": "test_scored_editlog_pivoted",
              "partitionsSpec": ""
            }
          ],
          "jobType": "RECURSIVE_FORCED_BUILD",
          "autoUpdateSchemaBeforeEachRecipeRun": false,
          "stopAtFlowZoneBoundary": false,
          "refreshHiveMetastore": true,
          "handleWarningsAs": "WARNING",
          "proceedOnFailure": false
        }
      },
      {
        "id": "build_0_true_d_train_dataset_m_GfUKMZeA",
        "type": "build_flowitem",
        "name": "model and predictions",
        "runConditionType": "RUN_IF_STATUS_MATCH",
        "runConditionStatuses": [
          "SUCCESS",
          "WARNING"
        ],
        "runConditionExpression": "",
        "resetScenarioStatus": false,
        "delayBetweenRetries": 10,
        "maxRetriesOnFail": 0,
        "params": {
          "builds": [
            {
              "type": "SAVED_MODEL",
              "itemId": "GfUKMZeA",
              "partitionsSpec": ""
            },
            {
              "type": "DATASET",
              "itemId": "test_scored",
              "partitionsSpec": ""
            }
          ],
          "jobType": "RECURSIVE_BUILD",
          "autoUpdateSchemaBeforeEachRecipeRun": false,
          "stopAtFlowZoneBoundary": false,
          "refreshHiveMetastore": true,
          "handleWarningsAs": "WARNING",
          "proceedOnFailure": false
        }
      }
    ]
  },
  "automationLocal": false,
  "customFields": {}
}