{
  "pythonInterpreter": "PYTHON39",
  "installCorePackages": true,
  "corePackagesSet": "PANDAS13",
  "installJupyterSupport": true,
  "dockerImageResources": "INIT",
  "updateResourcesApiNode": false,
  "conda": false,
  "creationTag": {
    "versionNumber": 0,
    "lastModifiedBy": {
      "login": "api:CM0753H1NBOXWW9U"
    },
    "lastModifiedOn": 1666703637596
  },
  "versionTag": {
    "versionNumber": 0,
    "lastModifiedBy": {
      "login": "api:CM0753H1NBOXWW9U"
    },
    "lastModifiedOn": 1666703637596
  },
  "deploymentMode": "DESIGN_MANAGED",
  "envSettings": {
    "inheritGlobalSettings": true,
    "condaInstallExtraOptions": [],
    "condaCreateExtraOptions": [],
    "pipInstallExtraOptions": [],
    "virtualenvCreateExtraOptions": [],
    "cranMirrorURL": "https://cloud.r-project.org"
  },
  "usableByAll": true,
  "permissions": [],
  "allContainerConfs": true,
  "containerConfs": [],
  "allSparkKubernetesConfs": false,
  "sparkKubernetesConfs": []
}