{
  "type": "web_app",
  "params": {
    "webAppSmartId": "KToW5qX",
    "webAppType": "webapp_editable-via-webapp_edit-dataset-records"
  },
  "owner": "ldorard",
  "listed": false,
  "name": "Editing predictions",
  "dashboardCreationId": "tfBg9hZ",
  "versionTag": {
    "versionNumber": 0,
    "lastModifiedBy": {
      "login": "ldorard"
    },
    "lastModifiedOn": 1666797376423
  },
  "creationTag": {
    "versionNumber": 0,
    "lastModifiedBy": {
      "login": "ldorard"
    },
    "lastModifiedOn": 1666797376423
  },
  "tags": [],
  "customFields": {},
  "checklists": {
    "checklists": []
  }
}