{
  "type": "scenario_run_button",
  "params": {
    "scenarioSmartId": "RETRAINMODEL"
  },
  "owner": "ldorard",
  "listed": false,
  "name": "Run scenario Retrain model",
  "dashboardCreationId": "tfBg9hZ",
  "versionTag": {
    "versionNumber": 0,
    "lastModifiedBy": {
      "login": "ldorard"
    },
    "lastModifiedOn": 1666797429579
  },
  "creationTag": {
    "versionNumber": 0,
    "lastModifiedBy": {
      "login": "ldorard"
    },
    "lastModifiedOn": 1666797429579
  },
  "tags": [],
  "customFields": {},
  "checklists": {
    "checklists": []
  }
}