{
  "type": "Snowflake",
  "managed": true,
  "featureGroup": false,
  "checklists": {
    "checklists": []
  },
  "checks": [],
  "customMeta": {
    "kv": {}
  },
  "flowOptions": {
    "virtualizable": true,
    "rebuildBehavior": "NORMAL",
    "crossProjectBuildBehavior": "DEFAULT"
  },
  "readWriteOptions": {
    "preserveOrder": false,
    "writeBuckets": 1,
    "forceSingleOutputFile": false,
    "defaultReadOrdering": {
      "enabled": false,
      "rules": []
    }
  },
  "partitioning": {
    "ignoreNonMatchingFile": false,
    "considerMissingRequestedPartitionsAsEmpty": false,
    "dimensions": []
  },
  "versionTag": {
    "versionNumber": 7,
    "lastModifiedBy": {
      "login": "louis.dorard@dataiku.com"
    },
    "lastModifiedOn": 1670945938634
  },
  "creationTag": {
    "versionNumber": 0,
    "lastModifiedBy": {
      "login": "louis.dorard@dataiku.com"
    },
    "lastModifiedOn": 1666709081964
  },
  "tags": [
    "human in the loop"
  ],
  "params": {
    "connection": "managed-snowflake",
    "notReadyIfEmpty": false,
    "mode": "table",
    "partitioningType": "custom",
    "normalizeDoubles": true,
    "table": "MATCHES_UNCERTAIN_EDITLOG_${NODE}_${projectKey}",
    "schema": "PUBLIC",
    "tableCreationMode": "auto",
    "writeInsertBatchSize": 10000,
    "writeJDBCBadDataBehavior": "DISCARD_ROW",
    "readColsWithUnknownTzAsDates": false,
    "readSQLDateColsAsDSSDates": true,
    "sparkJdbcAccess": "NONE",
    "numPartitions": -1
  },
  "schema": {
    "columns": [
      {"name":"date","type":"string","meaning":"DateSource","maxLength":4194304},
      {"name":"user","type":"string","meaning":"Text","maxLength":4194304},
      {"name":"key","type":"string","meaning":"Text","maxLength":4194304},
      {"name":"column_name","type":"string","meaning":"Text","maxLength":4194304},
      {"name":"value","type":"string","meaning":"Text","maxLength":4194304}
    ],
    "userModified": true
  },
  "dkuProperties": [],
  "metrics": {
    "probes": [
      {
        "type": "basic",
        "enabled": true,
        "computeOnBuildMode": "PARTITION",
        "meta": {
          "name": "Basic data",
          "level": 0
        },
        "configuration": {}
      },
      {
        "type": "records",
        "enabled": true,
        "computeOnBuildMode": "NO",
        "meta": {
          "name": "Record count",
          "level": 0
        },
        "configuration": {}
      }
    ],
    "engineConfig": {
      "padRunsWithMetrics": false,
      "hive": {
        "active": true,
        "extraConf": []
      },
      "basic": {},
      "dss": {
        "active": true,
        "selection": {
          "useMemTable": false,
          "filter": {
            "distinct": false,
            "enabled": false
          },
          "partitionSelectionMethod": "ALL",
          "latestPartitionsN": 1,
          "ordering": {
            "enabled": false,
            "rules": []
          },
          "samplingMethod": "FULL",
          "maxRecords": -1,
          "targetRatio": 0.02,
          "withinFirstN": -1,
          "maxReadUncompressedBytes": -1
        }
      },
      "sql": {
        "active": true
      },
      "impala": {
        "active": true
      },
      "spark": {
        "active": true,
        "extraConf": []
      },
      "python": {}
    },
    "displayedState": {
      "columns": [],
      "metrics": [
        "basic:COUNT_COLUMNS",
        "records:COUNT_RECORDS"
      ]
    }
  },
  "metricsChecks": {
    "runOnBuild": false,
    "checks": [],
    "displayedState": {
      "checks": []
    }
  },
  "customFields": {
    "original_ds": "matches_uncertain",
    "editlog_ds": "matches_uncertain_editlog",
    "primary_keys": [
      "id_companies_ref"
    ],
    "editable_column_names": [
      "id_companies_ext",
      "reviewed",
      "comments"
    ],
    "webapp_url": "/projects/JOIN_COMPANIES_SIMPLE/webapps/Vao2Cr9_edit-matches-uncertain/edit"
  }
}