{
  "tags": {
    "Security:Highly Confidential": {
      "color": "#123883"
    },
    "recipe-editor": {
      "color": "#1ac2ab"
    },
    "training": {
      "color": "#77bec2"
    },
    "downstream analytics": {
      "color": "#d66b9b"
    },
    "predictions": {
      "color": "#8f77c2"
    },
    "webapp data prep": {
      "color": "#FFD83D"
    },
    "Security:Confidential": {
      "color": "#FFD83D"
    },
    "duplicated": {
      "color": "#3A85AD"
    },
    "Security:Public": {
      "color": "#94be8e"
    },
    "Security:Internal Use Only": {
      "color": "#0f6d82"
    },
    "data preparation:data cleansing": {
      "color": "#28aadd"
    },
    "human in the loop": {
      "color": "#a5d6a7"
    },
    "imported": {
      "color": "#263238"
    },
    "data preparation:data prep": {
      "color": "#d66b9b"
    }
  }
}