{
  "tags": {
    "DATASET.emails_prepared": {
      "versionNumber": 4,
      "lastModifiedBy": {
        "login": "louis.dorard@dataiku.com"
      },
      "lastModifiedOn": 1705598760469,
      "extendedProperties": {}
    },
    "DATASET.emails_prepared_distinct": {
      "versionNumber": 3,
      "lastModifiedBy": {
        "login": "louis.dorard@dataiku.com"
      },
      "lastModifiedOn": 1705598761944,
      "extendedProperties": {}
    },
    "DATASET.emails_prepared_edited": {
      "versionNumber": 4,
      "lastModifiedBy": {
        "login": "louis.dorard@dataiku.com"
      },
      "lastModifiedOn": 1705598762555,
      "extendedProperties": {}
    },
    "DATASET.emails_prepared_grouped": {
      "versionNumber": 4,
      "lastModifiedBy": {
        "login": "louis.dorard@dataiku.com"
      },
      "lastModifiedOn": 1705598763317,
      "extendedProperties": {}
    },
    "DATASET.test": {
      "versionNumber": 4,
      "lastModifiedBy": {
        "login": "louis.dorard@dataiku.com"
      },
      "lastModifiedOn": 1705598764734,
      "extendedProperties": {}
    },
    "DATASET.test_labelled": {
      "versionNumber": 5,
      "lastModifiedBy": {
        "login": "louis.dorard@dataiku.com"
      },
      "lastModifiedOn": 1705598766190,
      "extendedProperties": {}
    },
    "DATASET.test_scored": {
      "versionNumber": 69,
      "lastModifiedBy": {
        "login": "louis.dorard@dataiku.com"
      },
      "lastModifiedOn": 1705598647256,
      "extendedProperties": {}
    },
    "DATASET.test_scored_edited": {
      "versionNumber": 9,
      "lastModifiedBy": {
        "login": "louis.dorard@dataiku.com"
      },
      "lastModifiedOn": 1705598767484,
      "extendedProperties": {}
    },
    "DATASET.test_scored_editlog": {
      "versionNumber": 2,
      "lastModifiedBy": {
        "login": "louis.dorard@dataiku.com"
      },
      "lastModifiedOn": 1705598647366,
      "extendedProperties": {}
    },
    "DATASET.test_scored_editlog_pivoted": {
      "versionNumber": 12,
      "lastModifiedBy": {
        "login": "louis.dorard@dataiku.com"
      },
      "lastModifiedOn": 1705598804304,
      "extendedProperties": {}
    },
    "DATASET.test_scored_editlog_pivoted_prepared": {
      "versionNumber": 9,
      "lastModifiedBy": {
        "login": "louis.dorard@dataiku.com"
      },
      "lastModifiedOn": 1705598769643,
      "extendedProperties": {}
    },
    "DATASET.test_scored_editlog_scored": {
      "versionNumber": 2,
      "lastModifiedBy": {
        "login": "louis.dorard@dataiku.com"
      },
      "lastModifiedOn": 1705598770972,
      "extendedProperties": {}
    },
    "DATASET.test_scored_raw": {
      "versionNumber": 21,
      "lastModifiedBy": {
        "login": "louis.dorard@dataiku.com"
      },
      "lastModifiedOn": 1705598771602,
      "extendedProperties": {}
    },
    "DATASET.test_scored_raw_joined": {
      "versionNumber": 5,
      "lastModifiedBy": {
        "login": "louis.dorard@dataiku.com"
      },
      "lastModifiedOn": 1705598772948,
      "extendedProperties": {}
    },
    "DATASET.train": {
      "versionNumber": 5,
      "lastModifiedBy": {
        "login": "louis.dorard@dataiku.com"
      },
      "lastModifiedOn": 1705598774363,
      "extendedProperties": {}
    },
    "DATASET.train_stacked": {
      "versionNumber": 7,
      "lastModifiedBy": {
        "login": "louis.dorard@dataiku.com"
      },
      "lastModifiedOn": 1705598775961,
      "extendedProperties": {}
    },
    "DATASET.train_stacked_distinct": {
      "versionNumber": 7,
      "lastModifiedBy": {
        "login": "louis.dorard@dataiku.com"
      },
      "lastModifiedOn": 1705598777362,
      "extendedProperties": {}
    },
    "PROJECT.ML_FEEDBACK_LOOP": {
      "versionNumber": 32,
      "lastModifiedBy": {
        "login": "louis.dorard@dataiku.com"
      },
      "lastModifiedOn": 1705598570641,
      "extendedProperties": {}
    },
    "RECIPE.compute_test_scored_editlog_pivoted": {
      "versionNumber": 1,
      "lastModifiedBy": {
        "login": "louis.dorard@dataiku.com"
      },
      "lastModifiedOn": 1705598647433,
      "extendedProperties": {}
    },
    "RECIPE.compute_test_scored_prepared": {
      "versionNumber": 48,
      "lastModifiedBy": {
        "login": "louis.dorard@dataiku.com"
      },
      "lastModifiedOn": 1704801186406,
      "extendedProperties": {}
    },
    "SAVED_MODEL.GfUKMZeA": {
      "versionNumber": 79,
      "lastModifiedBy": {
        "login": "louis.dorard@dataiku.com"
      },
      "lastModifiedOn": 1705598400551,
      "extendedProperties": {}
    },
    "SCENARIO.RESET_EDITS": {
      "versionNumber": 2,
      "lastModifiedBy": {
        "login": "louis.dorard@dataiku.com"
      },
      "lastModifiedOn": 1676303902207,
      "extendedProperties": {}
    },
    "SCENARIO.RETRAINMODEL": {
      "versionNumber": 5,
      "lastModifiedBy": {
        "login": "louis.dorard@dataiku.com"
      },
      "lastModifiedOn": 1675970481311,
      "extendedProperties": {}
    },
    "WEB_APP.KToW5qX": {
      "versionNumber": 7,
      "lastModifiedBy": {
        "login": "louis.dorard@dataiku.com"
      },
      "lastModifiedOn": 1704801217471,
      "extendedProperties": {}
    }
  }
}