{
  "type": "web_app",
  "params": {
    "webAppSmartId": "jLQrOl6",
    "webAppType": "webapp_editable-via-webapp_edit-dataset-records"
  },
  "owner": "louis.dorard@dataiku.com",
  "listed": false,
  "name": "Edit Matches Uncertain",
  "dashboardCreationId": "IhqHKl3",
  "versionTag": {
    "versionNumber": 0,
    "lastModifiedBy": {
      "login": "louis.dorard@dataiku.com"
    },
    "lastModifiedOn": 1666183925658
  },
  "creationTag": {
    "versionNumber": 0,
    "lastModifiedBy": {
      "login": "louis.dorard@dataiku.com"
    },
    "lastModifiedOn": 1666183925658
  },
  "tags": [],
  "customFields": {},
  "checklists": {
    "checklists": []
  }
}