{
  "type": "scenario_run_button",
  "params": {
    "scenarioSmartId": "UPDATE"
  },
  "owner": "louis.dorard@dataiku.com",
  "listed": false,
  "name": "Run scenario Update",
  "dashboardCreationId": "IhqHKl3",
  "versionTag": {
    "versionNumber": 0,
    "lastModifiedBy": {
      "login": "louis.dorard@dataiku.com"
    },
    "lastModifiedOn": 1666183943154
  },
  "creationTag": {
    "versionNumber": 0,
    "lastModifiedBy": {
      "login": "louis.dorard@dataiku.com"
    },
    "lastModifiedOn": 1666183943154
  },
  "tags": [],
  "customFields": {},
  "checklists": {
    "checklists": []
  }
}